{
  "INSULATION_OPTIONS": ["PVC (70°C)", "XLPE/EPR (90°C)"],
  "INSULATION_META": {"PVC (70°C)": {"key": "PVC", "theta": 70}, "XLPE/EPR (90°C)": {"key": "XLPE", "theta": 90}},
  "CONDUCTOR_TYPES": ["Cu", "Al"],
  "VOLTAGE_LEVELS": ["400", "230"],
  "TEMPERATURE_MEDIA": {"air": {"ru": "Воздух", "sr": "Vazduh", "en": "Air"}, "soil": {"ru": "Грунт", "sr": "Tlo", "en": "Soil"}},
  "INSTALLATION_METHODS": ["A1", "A2", "B1", "B2", "C", "D", "E", "F", "G"],
  "STANDARD_SECTIONS": [1.5, 2.5, 4, 6, 10, 16, 25, 35, 50, 70, 95, 120, 150, 185, 240, 300, 400, 500],
  "METHOD_PREFERENCE": ["D", "E", "F", "C", "B2", "B1", "A2", "A1", "G"],
  "STANDARD_CROSS_SECTIONS": ["", "0.5", "0.75", "1", "1.5", "2.5", "4", "6", "10", "16", "25", "35", "50", "70", "95", "120", "150", "185", "240", "300", "400", "500", "630"],
  "STANDARD_BREAKER_RATINGS": ["", "6", "10", "13", "16", "20", "25", "32", "40", "50", "63", "80", "100", "125", "160", "200", "250", "315", "400", "500", "630"],
  "DROP_LIMIT_KEYS": {"UIDM": 5.0, "SVDM": 3.0, "SVTS": 5.0, "UITS": 8.0},
  "RESISTIVITY_20": {"Cu": 0.017241, "Al": 0.028264},
  "TEMP_COEFF": {"Cu": 0.00393, "Al": 0.00403},
  "REACTANCE": {
    "default": 0.08,
    "method_defaults": {"D": 0.09, "C": 0.08, "F": 0.08},
    "buckets": {
      "D": {"≤95": 0.09, "≤240": 0.085, ">240": 0.08},
      "C": {"≤95": 0.08, "≤240": 0.077, ">240": 0.074},
      "F": {"≤95": 0.08, "≤240": 0.078, ">240": 0.075}
    }
  },
  "AMPACITY_BASE": {
    "A1": {"1.5": 17.0, "2.5": 23.0, "4.0": 30.0, "6.0": 38.0, "10.0": 52.0, "16.0": 69.0, "25.0": 89.0, "35.0": 110.0, "50.0": 132.0, "70.0": 168.0, "95.0": 202.0, "120.0": 231.0, "150.0": 265.0, "185.0": 301.0, "240.0": 352.0, "300.0": 395.0, "400.0": 450.0, "500.0": 500.0},
    "A2": {"1.5": 18.0, "2.5": 24.0, "4.0": 32.0, "6.0": 40.0, "10.0": 54.0, "16.0": 72.0, "25.0": 94.0, "35.0": 117.0, "50.0": 141.0, "70.0": 179.0, "95.0": 216.0, "120.0": 249.0, "150.0": 285.0, "185.0": 324.0, "240.0": 380.0, "300.0": 425.0, "400.0": 490.0, "500.0": 550.0},
    "B1": {"1.5": 19.0, "2.5": 26.0, "4.0": 34.0, "6.0": 44.0, "10.0": 60.0, "16.0": 76.0, "25.0": 101.0, "35.0": 123.0, "50.0": 146.0, "70.0": 185.0, "95.0": 225.0, "120.0": 260.0, "150.0": 300.0, "185.0": 344.0, "240.0": 404.0, "300.0": 460.0, "400.0": 525.0, "500.0": 590.0},
    "B2": {"1.5": 21.0, "2.5": 28.0, "4.0": 37.0, "6.0": 48.0, "10.0": 65.0, "16.0": 84.0, "25.0": 110.0, "35.0": 135.0, "50.0": 162.0, "70.0": 204.0, "95.0": 244.0, "120.0": 281.0, "150.0": 323.0, "185.0": 370.0, "240.0": 435.0, "300.0": 495.0, "400.0": 565.0, "500.0": 630.0},
    "C": {"1.5": 20.0, "2.5": 27.0, "4.0": 36.0, "6.0": 46.0, "10.0": 61.0, "16.0": 80.0, "25.0": 104.0, "35.0": 125.0, "50.0": 150.0, "70.0": 192.0, "95.0": 232.0, "120.0": 269.0, "150.0": 309.0, "185.0": 355.0, "240.0": 415.0, "300.0": 480.0, "400.0": 555.0, "500.0": 625.0},
    "D": {"1.5": 25.0, "2.5": 33.0, "4.0": 43.0, "6.0": 55.0, "10.0": 75.0, "16.0": 95.0, "25.0": 115.0, "35.0": 140.0, "50.0": 170.0, "70.0": 215.0, "95.0": 260.0, "120.0": 300.0, "150.0": 340.0, "185.0": 385.0, "240.0": 455.0, "300.0": 520.0, "400.0": 600.0, "500.0": 680.0},
    "E": {"1.5": 25.0, "2.5": 33.0, "4.0": 44.0, "6.0": 56.0, "10.0": 75.0, "16.0": 100.0, "25.0": 127.0, "35.0": 154.0, "50.0": 185.0, "70.0": 229.0, "95.0": 273.0, "120.0": 312.0, "150.0": 356.0, "185.0": 402.0, "240.0": 467.0, "300.0": 535.0, "400.0": 615.0, "500.0": 700.0},
    "F": {"1.5": 29.0, "2.5": 38.0, "4.0": 51.0, "6.0": 65.0, "10.0": 89.0, "16.0": 119.0, "25.0": 156.0, "35.0": 191.0, "50.0": 231.0, "70.0": 295.0, "95.0": 357.0, "120.0": 412.0, "150.0": 476.0, "185.0": 546.0, "240.0": 640.0, "300.0": 720.0, "400.0": 820.0, "500.0": 920.0},
    "G": {"1.5": 27.0, "2.5": 36.0, "4.0": 48.0, "6.0": 61.0, "10.0": 83.0, "16.0": 111.0, "25.0": 146.0, "35.0": 179.0, "50.0": 217.0, "70.0": 276.0, "95.0": 334.0, "120.0": 386.0, "150.0": 446.0, "185.0": 511.0, "240.0": 598.0, "300.0": 670.0, "400.0": 760.0, "500.0": 850.0}
  },
  "AMPACITY_INSULATION_FACTORS": {
    "PVC": {"Cu": {"A1": 1.0, "A2": 1.0, "B1": 1.0, "B2": 1.0, "C": 1.0, "D": 1.0, "E": 1.0, "F": 1.0, "G": 1.0}, "Al": {"A1": 0.76, "A2": 0.76, "B1": 0.76, "B2": 0.76, "C": 0.76, "D": 0.76, "E": 0.76, "F": 0.76, "G": 0.76}},
    "XLPE": {"Cu": {"A1": 1.2, "A2": 1.2, "B1": 1.21, "B2": 1.18, "C": 1.27, "D": 1.2, "E": 1.23, "F": 1.24, "G": 1.22}, "Al": {"A1": 0.92, "A2": 0.92, "B1": 0.92, "B2": 0.9, "C": 0.96, "D": 0.92, "E": 0.94, "F": 0.95, "G": 0.93}}
  },
  "AMPACITY_LOADED_FACTORS": {"A1": {"2": 1.18, "3": 1.0}, "A2": {"2": 1.18, "3": 1.0}, "B1": {"2": 1.17, "3": 1.0}, "B2": {"2": 1.15, "3": 1.0}, "C": {"2": 1.17, "3": 1.0}, "D": {"2": 1.15, "3": 1.0}, "E": {"2": 1.16, "3": 1.0}, "F": {"2": 1.13, "3": 1.0}, "G": {"2": 1.13, "3": 1.0}},
  "GROUPING_FACTORS": {"1": 1.0, "2": 0.8, "3": 0.7, "4": 0.65, "5": 0.6, "6": 0.57, "7": 0.54, "8": 0.52, "9": 0.5, "10": 0.48, "11": 0.47, "12": 0.46, "13": 0.45, "14": 0.44, "15": 0.43, "16": 0.42, "17": 0.41, "18": 0.4, "19": 0.39, "20": 0.38},
  "KT_V_TABLE": {"PVC": {"10": 1.22, "15": 1.17, "20": 1.12, "25": 1.06, "30": 1.0, "35": 0.94, "40": 0.87, "45": 0.79, "50": 0.71, "55": 0.61, "60": 0.5, "65": 0.35, "70": 0.2}, "XLPE": {"10": 1.15, "15": 1.12, "20": 1.08, "25": 1.04, "30": 1.0, "35": 0.96, "40": 0.91, "45": 0.87, "50": 0.82, "55": 0.76, "60": 0.71, "65": 0.65, "70": 0.58, "75": 0.5, "80": 0.41, "85": 0.29, "90": 0.2}},
  "KT_Z_TABLE": {"PVC": {"10": 1.1, "15": 1.06, "20": 1.0, "25": 0.95, "30": 0.9, "35": 0.86, "40": 0.82, "45": 0.78, "50": 0.75, "55": 0.72, "60": 0.7}, "XLPE": {"10": 1.06, "15": 1.03, "20": 1.0, "25": 0.97, "30": 0.94, "35": 0.91, "40": 0.88, "45": 0.85, "50": 0.82, "55": 0.79, "60": 0.76}}
}
